{"cameraMode":{"drawMode":0,"name":"Shaded","section":"Shading Mode"},"sceneLighting":true,"audioPlay":false,"sceneViewState":{"showFog":true,"showMaterialUpdate":false,"showSkybox":true,"showFlares":true,"showImageEffects":true,"showParticleSystems":true},"in2DMode":false,"pivot":{"x":0.25087010860443118,"y":-0.3754231929779053,"z":-0.6808947324752808},"rotation":{"x":0.023174863308668138,"y":0.9758166670799255,"z":-0.17454646527767182,"w":0.12956099212169648},"size":3.325249433517456,"orthographic":false}