{"cameraMode":{"drawMode":0,"name":"Shaded","section":"Shading Mode"},"sceneLighting":true,"audioPlay":false,"sceneViewState":{"showFog":true,"showMaterialUpdate":false,"showSkybox":true,"showFlares":true,"showImageEffects":true,"showParticleSystems":true},"in2DMode":false,"pivot":{"x":-0.4918444752693176,"y":4.2866740226745609,"z":1.408099889755249},"rotation":{"x":-0.00008262640767497942,"y":0.9998312592506409,"z":0.017998838797211648,"w":0.004499441012740135},"size":6.878512382507324,"orthographic":false}